0,5,sản phẩm ok
1,5,"Ái hà e này ngon bổ ra, vừa chuột lại bàn phím game, rất ok, thanks shop"
2,5,sản phẩm ok
3,5,"Ái hà e này ngon bổ ra, vừa chuột lại bàn phím game, rất ok, thanks shop"
4,5,sản phẩm ok
5,5,"Ái hà e này ngon bổ ra, vừa chuột lại bàn phím game, rất ok, thanks shop"
6,5,sản phẩm ok
7,5,"Ái hà e này ngon bổ ra, vừa chuột lại bàn phím game, rất ok, thanks shop"
0,5,sản phẩm ok
1,5,"Ái hà e này ngon bổ ra, vừa chuột lại bàn phím game, rất ok, thanks shop"
2,5,sản phẩm ok
3,5,"Ái hà e này ngon bổ ra, vừa chuột lại bàn phím game, rất ok, thanks shop"
4,5,sản phẩm ok
5,5,"Ái hà e này ngon bổ ra, vừa chuột lại bàn phím game, rất ok, thanks shop"
6,5,sản phẩm ok
7,5,"Ái hà e này ngon bổ ra, vừa chuột lại bàn phím game, rất ok, thanks shop"
0,5,sản phẩm ok
1,5,"Ái hà e này ngon bổ ra, vừa chuột lại bàn phím game, rất ok, thanks shop"
2,5,sản phẩm ok
3,5,"Ái hà e này ngon bổ ra, vừa chuột lại bàn phím game, rất ok, thanks shop"
4,5,sản phẩm ok
5,5,"Ái hà e này ngon bổ ra, vừa chuột lại bàn phím game, rất ok, thanks shop"
6,5,sản phẩm ok
7,5,"Ái hà e này ngon bổ ra, vừa chuột lại bàn phím game, rất ok, thanks shop"
