0,5,"túi rất đẹp  túi đẹp may kĩ và tiện lợi khi bên trong và bên ngoài đều có túi nhỏdây kéo lại đẹp nói chung là rất đáng tiền mua 
"
1,4,"bốn sao  mẫu mã và chất lượng y hình 
"
2,5,"năm sao  đẹp 
"
3,5,"năm sao  verry nice i love it 
"
4,5,"tot  san pham giong hinhda dep 
"
5,5,"năm sao đẹp 
"
6,5,"tuyệt  chỉ 1ngày mà mình đã nhận được hàng hàng rất đẹp mình thích lắm lun á 
"
7,3,"5 sao  tôi rất hài lòng về sản phẩmcảm ơn lazada 
"
8,5,"túi  đẹp và tiện dụng đã mua thêm 1 cái nữa và còn mua thêm nữa 
"
9,4,"túi đẹp  có vài chỗ đường chỉ bị may chồng lên nhau nhưng nhìn chung túi đẹp chắc chắn giá rẻ so với chất lượng mình rất thích sp này 
"
10,5,"tốt  sản phẩm vừa tầm giáchất lượng tốt 
"
11,4,"danh gia  đẹp nhưng túi hơi nhỏ 
"
12,5,"năm sao  đẹp lắm rất thích 
"
13,3,"ba sao  hài lòng với sản phẩm này cực kỳ lần sau sẽ mua hàng trên lazada tiếp 
"
14,5,"tui xach lata minh mua ve rat hai long  chat lieu da tot ma lai vua tui tien nua mjnh rat thich sp nay 
"
15,5,"hang dep nhu hibh nhun chac chan ben dep  ok 
"
16,1,"hàng đúng như hình nhưng trên website có tặng kèm ví mà nhận ko có
"
17,5,"năm sao  hàng đẹp tốt 
"
18,5,"rất tốt  hàng nhận giống hình chất liệu đẹp phù hợp với giá tiền 
"
19,5,"quá đẹp  đã nhận dc hàng quá đẹp phải đặt thêm cái nữa cho 5 sao 
"
20,4,"san pham dep  san pham dep so voi gia 
"
21,5,"năm sao  rất hài lòng về sản phẩm da đẹp tỉ mỉ cẩn thẩn đén từng đường may mà giá lại siêu mềm cảm ơn lazada rất nhiều nhé 
"
22,3,"tốt  sản phẩm tốt trong tầm giá 
"
23,5,"năm sao  tui dep va re 
"
24,5,"mik đang dùng túi này thấy thik lắm mà giá cả phải chăng  túi như quảng cáo 
"
25,5,"tuyệt vời  túi da mềm đường may đẹp giá quá rẻ mình mua lúc 105k đang định đặt thêm mang đi làm hay đi chơi đều đc nhé rất trẻ trung 
"
26,4,"bốn sao  túi đẹp da mềm mịn giá rẻ tôi rất hài lòng về sản phẩm tuy nhiên giao hàng còn chậm đợi đến 10 ngày thì quá lâu 
"
27,5,"năm sao  mình rất hài lòng 
"
28,5,"năm sao  hàng ok rất thích 
"
29,1,"e đặt túi này sao mãi k thấy ibox vậy  
"
30,5,"5 sao  tôi thích sản phẩm đã mua 
"
31,5,"chất lượng tốt  giá vậy là quá ok so với hàng 
"
32,5,"hai long ve sp va dich vu cua lazada  tui xach nhu hinh anh gia re giao hang nhanh tuyet voi lazada 
"
33,3,"very good  tôi hài lòng về sản phẩm của các bạn mẫu mã đẹp từng đường chỉ rất chuẩn xác không có lỗi giá cả cực kì hợp lý cám ơn lazada và latashop 
"
34,5,"đẹp rất ưng ý  mua lúc đang giảm giá 92k sản phẩm rất đẹp da mịn dày dặn quai đeo chắc chắn khuy nút dây kéo đẹp 
"
35,5,"chất lượng tốt  hàng giao trong 24h thì chiều hôm trc đặt 10h tối hôm sau dậy đi nhận hàng chất lượng hàng tốt chất liệu da tốt chỉ may đẹp mầu sắc vừa mắt quan trọng vợ mình vui cám ơn shop và lazada 
"
36,1,"gọi người bán không bắt mấy sản phẩm thì không như ý giá bán không đúng
"
37,5,"hài lòng  
"
38,4,"bốn sao  đẹp nhưng hơi nhỏ 
"
39,1,"không hài lòng tôi vừa nhận được túi xách chất liệu túi nhão form túi thì bị méo nhìn sản phẩm không chắc chắn
"
40,3,"tạm
"
41,3,"túi tốt  chất liệu thích giỏ gọn tiện dụng nói chung thích 
"
42,5,"túi xách  đẹp gọn nhẹ mình rất thích 
"
43,5,"tuyệt  hàng y hình ok túi rất đẹp và quá rẻ so với giá tiền hài lòng tuyệt đối cho 5 sao 
"
44,1,"túi xấu
"
45,1,"hàng vàng mã hàng quá xấu so với ảnh như đồ vàng mã
"
46,4,"túi hơi bé  hàng tốt chất lượng trừ mỗi điểm túi hơi bé 
"
47,3,"túi xách  ok rat thik 
"
48,4,"hai long  hang giong hinhdepgia redinh lua nua ma het hang 
"
49,5,"năm sao rất ưng 
"
50,5,"năm sao  da cung dep duong may tot 
"
51,4,"dep  chat lieu tot dep nhu hinh 39 lata 
"
52,4,"bốn sao  mới nhận hàng hôm nay vơi giá 77k dùng đựng đồ chơi chơi cũng ổn giống hìnhda cứng cáp 
"
53,5,"sản phẩm tốt  sản phẩm tốt đóng gói cẩn thận 
"
54,5,"tui đeo da mềm e thích vi nho bo dien thoại vô vua  tui đeo chéo 
"
55,4,"sản phẩm chấp nhận được so với mô tả và mức giá  
"
56,1,"một sao  
"
57,5,"túi đeo chéo lata  hàng đẹp đúng với quãng cáo giao hàng nhanh thân thien rất hài lòng thank laza 
"
58,4,"xài êm đẹp đc  
"
59,5,"dep  nhu hinh 
"
60,4,"bốn sao  chất lượng sản phẩm tốt hơn mong đợi 
"
61,5,"sản phẩm tốt  sản phẩm tốt đóng gói cẩn thận 
"
62,4,"tốt  sản phẩm dùng ok với tầm giá này thì chất lượng rất tốt 
"
63,3,"ba sao  hàng phù hợp với giá tiền 
"
64,5,"tuyệt vời  mua rất ưng í 
"
65,5,"tuyệt vời  sản phẩm đẹp giao hàng nhanh giá cả cũng hợp lý 
"
66,5,"tốt  mua được giá rẻ 100k hài lòng da mềm chắc gọn nhẹ để ví bóp và điện thoại vừa phải không cồng kềnh tiện lợi 
"
67,5,"hàng đẹp dùng ok  rất hài lòng về sản phẩm 
"
68,1,"một sao  mình hài lòng với sp với giá tiền như vậy thì sp ổn rùi 
"
69,5,"dich vu tuong doi tot  dat hang nhanh 
"
70,4,"tốt  giao hàng nhanh hàng rất đẹp mình rất hài lòng với sản phẩm nhưng khi giao hàng mình không thấy có hóa đơn giao hàng 
"
71,4,"dep moi toi hoi nho neu ban la nam gioi  
"
72,2,"túi nhỏ xinh phù hợp với giá tiền đã giảm nhưng ko hài lòng ở mùi của da túi mãi ko thấy bay hết mùi hic
"
73,5,"năm sao  ok hài lòng về sản phẩm 
"
74,5,"tuyệt  túi da giống y hình da rất đẹp rất đáng để mua sản phẩm rất ưng í 
"
75,5,"túi đẹp  túi đẹp 5 sao 
"
76,3,"ba sao  ví da cũng rất oki nhé nhưng ví tặng thì hơi kì 
"
77,1,"robt s repp một sao  
"
78,2,"hang re mà đep  sai ok 
"
79,3,"hài lòng mình rất thích túi chất đẹp hàng đẹp tuy màu không được đậm như hình
"
80,3,"tốt  hàng đẹp chất liệu tốt dày dặn rất vừa ý 
"
81,2,"nhìn đẹp nhìn đẹp nhưng ko bền đeo vào thì rớt dây rớt khóa tùm lum
"
82,4,"tot ok  kich thuoc nho hon mau dam hom da mem duong chi chac chan noi tom lai hai long 
"
83,4,"hàng ok  túi đeo chéo 
"
84,1,"dởm tiền nào của nấy cũng tạm đc thôi
"
85,5,"sản phẩm đẹp  hàng đẹp da sờ mềm thích gói hàng thì cẩn thận vote 5 sao 
"
86,4,"bốn sao  túi đẹp giá rẻ nhưng màu hơi đậm hơn so với trong hình 
"
87,3,"ba sao  da đẹp 
"
88,5,"tốt  thực sự hài lòng sản phẩm tốt giá thành rẻ 79k 
"
89,3,"kính mát nam  chất lượng chưa được tốt 
"
90,5,"túi đeo chéo lata hn00 1 mình mới nhận được sp sáng nay rất ưng ý sp nhìn ngoài rất đẹp 
"
91,5,"tuyệt vời  túi rất đẹp và chắc chắn giá lại rẻ sẽ mua tiếp 
"
92,3,"ba sao  túi đẹp 
"
93,5,"năm sao  túi đẹp da mềm chất lượng tốt hài lòng với sản phẩm 
"
94,5,"giao hàng nhanh sản phẩm đẹp giá rẻ  rất ưng ý với tất cả 4 sp mình đã mua 
"
95,3,"ba sao hàng dùng được nhưng hơi đắt so với thực tế
"
96,4,"good  
"
97,4,"chất lượng ok  
"
98,4,"chất lượng  túi dày dặn chắc chắn đường may đẹp khá hài lòng với sp này 
"
99,5,"năm sao  
"
100,5,"túi đẹp đường may cũng chắc chắn cám ơn lata cám ơn lazada  5 sao so với giá tiền 
"
101,3,"ba sao  rất tốt 
"
102,3,"ba sao  em rất ứng sản phẩm rất đúng mục đích của e 
"
103,3,"ba sao ok 
"
104,3,"ba sao  tốt giao hàng nhanh hàng ưng ý 
"
105,5,"túi đẹp tương ứng với giá mình rất hài lòng  
"
106,5,"hài lòng với sp này  sp có thương hiệu chất liệu tốt giá giảm rẻ quá mình mua luôn 6 cái 
"
107,5,"quá sức hài lòng  cực kì hài lòng khi nhận được sản phẩm rất đẹp mình rất rất thích luôn lại còn được bảo hành nữa <3 
"
108,5,"hàng chất lương y trong hình  hàng đẹp đường may đẹp lần đầu mua mà ương ý lắm lun 
"
109,4,"thích  mình đã đặt mua và dùng được một thời gian túi khá chất lượng túi đẹp đeo cũng khá bền với giá cả như vậy rất phù hợp 
"
110,5,"năm sao  spham dep dung nhu trong hinh anh dang ban minh mua tang sinh nhat nguoi duoc tang rat thich va khen gio tot duong chi may chac minh se tiep tuc ung ho thuong hieu lata nay 
"
111,5,"năm sao  
"
112,5,"tui sách  tui sách mem êm giong như lazada da gioi thieu toi rat hai long 
"
113,4,"bốn sao  ok ngon bổ rẽ 
"
114,5,"năm sao  giá cả phải chăng túi giống hình nói chung ok 
"
115,5,"năm sao 1 năm trước hàng đẹp bền mình rất ưng ý 
"
116,5,"đánh giá  vừa ý khi nhận sản phẩm 
"
117,5,"năm sao  
"
118,5,"túi đeo chéo lata  hàng rất chi là oke thanks lazada nhé 
"
119,5,"da đẹp ưng ý lắm  
"
120,4,"hàng được mua để tặng nói túi xách 99000đ người được tặng không tin phải cao giá hơn và cảm ơn  
"
121,3,"túi chéo  ok vải đẹp hợp túi tiền 
"
122,5,"năm sao  dày dặn đẹp như hình rất thích 
"
123,5,"năm sao  túi rất đẹp y như hình đầy đặn đường chỉ chắc chắn giao hàng rất nhanh 
"
124,1,"giao hàng chậm quá 7 hôm rồi mình vẫn chưa nhận được khi nào hàng về mình sẽ hoàn trả lại shop
"
125,1,"một sao 1 năm trước chất lượng tốt 
"
126,5,"năm sao  chất lượng đúng như thông tin sp oke 
"
127,5,"tốt  sp tốt và đẹp như đúng cam kết 
"
128,4,"tot  
"
129,5,"đẹp và rẻ  dùng ok so với giá là quá ổn mua ở ngoài cùng loại phải trên 300k cám ơn shop và lazada 
"
130,5,"túi da đẹp  túi đẹp da tốt rất ưng ý tuy nhiên mong lazada giao hàng nhanh hơn nữa 
"
131,4,"bốn sao 1 năm trước lan dau tien mua hang tren lazada hang giong nhu hinh moi rat dep 
"
132,5,"năm sao cung dc 
"
133,2,"tạm ổn
"
134,4,"hỏi hôm trước có đăng kí mua 1 túi xách da bò thế này mà kg thấy liên hệ nên hỏi thử có hàng này kg ạ 
"
135,5,"đẹp  túi đẹp hơn mấy mẫu khác của lata đường may sắc sảo xài rất bền 
"
136,1,"mua tặng bạn xài chưa bao lâu đẫ đứt hàng vàng mã
"
137,2,"mình nhận được hàng rồi túi so với hình ko giống lắm về kích thước
"
138,5,"rẻ đẹp  màu sắc đường may đẹp vải lót trong cũng rất tốt giao hàng lại nhanh rất vừa ý 
"
139,4,"ưng ý  sản phẩm đẹp so với giá nhưng logo nó k ở chính giữa sản phẩm mà ở 1 góc sp k giống trên hình nhỉ nói chung là ưng 
"
140,5,"năm sao  tốt 
"
141,5,"năm sao  nhận hàng hơi trễ nhưng chất lượng ok giống mẫu đường may ngay ngắn lớp lót bên trong đẹp hài lòng về sản phẩm 
"
142,4,"tốt  hàng giống hình hài lòng 
"
143,5,"năm sao  hàng đẹp da mềm cảm ơn lazada 
"
144,3,"đẹp  túi may chắc chắn y hình 
"
145,2,"hai sao  
"
146,4,"bốn sao  sản phẩm ổn ngoài việc màu đậm hơn so với hình thì còn lại tốt da mềm đường may chắc chắn 
"
147,5,"hài lòng  sp đẹp chắc chắn giá rẻ cảm ơn lata và lazada 
"
148,5,"rất đáng đồng tiền  
"
149,4,"bóp đeo  sản phẩm đẹp giá tốt 
"
150,5,"rất đẹp  cám ơn lata và lazada túi may rất đẹp tôi không nghĩ hàng vn hơn trăm bạc mà lại đẹp đến vậy trong tương lai sẽ tiếp tục mua đồ của các bạn 
"
151,1,"hàng may bị lỗi bởi vậy nên mới bán giá do
"
152,4,"hang tot lam  toi da mua va cong nhan hang rat tot 
"
153,5,"năm sao  rất đẹp 
"
154,1,"không bao giờ mua nữa
"
155,5,"chất lượng cực kì đa mua đc gần 1 tháng r  mình thấy lata rất có uy tín và hàng rất bền đẹp tuy nhiên theo mình nếu muốn tương lai sẽ còn đc biết đến rộng rãi hơn nx lata nên đầu tư đa dạng mãu túi cho chị em phụ nữ vì chị em túi xách là một phần cs rồi nên sẽ đầu tư cho túi đẹp và nếu rẻ mà bền thì càng tốt đặc biệt đa dạng màu hơn nhé lata các màu như đỏ xanh hồng bởi theo mình biết thì da có thể nhuộm đc mỗi nâu vs đen trông ko hút mắt lắm 
"
156,5,"hàng đẹp và rẻ hơn mong đợi  mình mua khi sản phẩm sale off nhưng không thể tin được là túi đẹp đến thế chắc chắn dày dặn đường may rất cẩn thận mình có nhiều túi qc đắt tiền gấp chục lần mà cũng ko được như vậy ủng hộ lata dài dài 
"
157,3,"ba sao  túi rất đép giống hệt trên ảnh t rất thich 
"
158,5,"túi  túi đẹp chất liệu ổn mầu đẹp <3 
"
159,5,"túi đeo chéo lata hn08 da bò nhạt  mình rất hài lòng về chất lượng của túi và cách làm việc của lazada tặng 5 sao 
"
160,5,"rất hài lòng về sản phẩm  hii  hi 
"
161,5,"la mùi  túi đẹp  
"
162,5,"rất ok  ok 
"
163,4,"bốn sao  chất lượng túi tốt hơn nhiều so với mình nghĩ khi mua với giá đó đường may chắc chắn màu y như hình hài lòng về sản phẩm 
"
164,5,"hàng quá đẹp  đúng là hàng vn chất lượng cao túi da khá dày và mềm đường may chắc chắn mình mua chiếc màu vàng nhạt nhìn rất đẹp dễ phối đồ có điều kích thước hơi nhỏ k đủ cho đựng vở đi học nên chỉ thích hợp đeo đi chơi thôi 
"
165,5,"tốt hài lòng  
"
166,5,"good  quá bất ngờ khi nhận đc hàng giá chỉ 99k theo tôi chỉ tiền công may là dư rồimay rất đẹp đường may sắc nét túi thì chỉ 1 từ đẹp tuyệt vời ông mặt trời hơn những gì mình tưởng trước giờ mua hàng chưa sp nào rẻ mà tốt ntn thật ko thể tin nổi sẽ đặt thêm 10sp nữa làm quà biếu acetks nhà phân phối sp nầy chúc bạn mua may bán đắc 
"
167,5,"túi da bò nâu nhạt hài lòng  sản phẩm đẹp đường may và khóa rất chắc chắn kích thước chuẩn giống như thông tin đã cung cấp màu túi đậm hơn so với ảnh chụp một chút giao hàng đóng gói sản phẩm cẩn thận mình rất ứng ý cám ơn lazada 
"
168,5,"đẹp và chất  sản phẩm đẹp hơn hình luôn lần đầu tiên mua cái túi da mà thấy hài lòng chắc chắn dày dặn 
"
169,5,"ok  mình mới nhận sản phẩm giỏ đẹp đường may rất đều và đẹp da dày mềm ok giá rẻ 
"
170,5,"good  rất vừa ý hàng đẹp 
"
171,4,"bốn sao  da memgiong y chang nhu hinhnoi chung vua tui tien 
"
172,5,"túi đẹp  túi đẹp gống hình ủng hộ lâzda nhiều hơn nữa cảnm ơn lâzda 
"
173,4,"nice  đẹp hài lòng 
"
174,5,"năm sao túi đẹp như hình đường may khá đẹp da mềm túi kích thước vừa vặn dễ kết hợp đồ màu hơi đậm so với ảnh nhưng rất đẹp 
"
175,4,"bốn sao  giá tốt sản phẩm tốt đường may đẹp chất liệu da ổn vải lót dày kích thước túi hơi nhỏ 
"
176,1,"túi da  ưng lắm đi chơi thật tuyệt cám ơn lazada 
"
177,4,"bốn sao  đepchất da khá tốt 
"
178,4,"tốt trong tầm giá  túi đẹp da tốt lớp lót êm ái khóa kéo chắc chắn nhưng hơi nhỏ chỉ đủ bỏ ví tiền và điện thoại thôi 
"
179,5,"túi đeo chéo lata hn08 da bò nhạt  mình rất hài lòng về chất lượng của túi và cách làm việc của lazada tặng 5 sao 
"
180,5,"năm sao  túi đẹp y hình rất hài lòng 
"
181,5,"tốt  sản phẩm đẹp và tốt như hình 
"
182,3,"ba sao  túi đẹp chất lượng đường may ưng ý ok 
"
183,4,"bốn sao  túi may chắc chắn rất thích mỗi tội màu đậm hơn so với hình 
"
184,4,"good  sản phẩm tốt 
"
185,3,"khá hài lòng về sản phẩm  mình cũng là người hay mua hàng online cũng mua nhiều shop nhưng đây là lần đầu tiên mình mua trên lazada mình mới đặt hàng chiều hôm qua thì chiều hôm nay đã nhận được hàng phải công nhận lazada gói hàng rất kĩ mình rất thích và hàng nhận được thì màu sắc như hình đường mau khá chắc nói chung nhìn thích còn kích thước thì đựng được quyên vớ khá là ok và mình cũng hài lòng về cách xác nhận đơn hàng hi vọng lazada sẽ nhiều sản phẩm giá cả hợp lý và chất lượng tốt để phục vụ khách hàng 
"
186,5,"hải lòng  hải lòng 
"
187,4,"ok 1 năm trước chất liệu cứng hơn mình nghĩ ko mềm lắm màu sắc đúng như hình dùng mấy tháng rồi chưa thấy bong tróc sứt chỉ dùng cũng được 
"
188,4,"good  mua ngày giảm giá còn 91kmjh rất hài lòng về chất lượngđường may đẹpchắc chắntúi để đc ví và đtmàu thì nhạt hơn so với hìnhnchung là ok 
"
189,5,"hàng đẹp  đường may chắc giá rẻ 
"
190,4,"khá tốt  mới nhận hàng hôm nay da bò mềm màu không chuẩn như hình lắm màu như da bò nhạt lớp lót đẹp đường may chắc chắn kích thước hơi nhỏ chỉ để được ipad mini để dùng lâu coi có bền không 
"
191,5,"quá chất lượng  giá rẻ mà chất lượng thì quá tốt da mềm đường may chắc chắn kiểu dáng y như hình rất đáng để mua giao hàng rất nhanh sẽ luôn ủng hộ lata và lazada 
"
192,2,"hai sao  tốt 
"
193,1,"một sao  good 
"
194,5,"hai long  mau ma dep chat lieu tot 
"
195,2,"kém da xấu nhàu giao hàng bị lỗi tróc da ngay gần nút gài
"
196,5,"mình nhận đk hàng từ lazada hàng rất tốt d  
"
197,5,"túi đeo chéo  hàng chất lượng 
"
198,4,"hài lòng về sản phẩm  da mềm đường chỉ chắc chắn thiết kế phù hợp với nhu cầu của minh 
"
199,1,"sản phẩm bị lỗi dây đeo thiếu móc
"
200,5,"năm sao  túi đẹp mình mua đợt sale 70k thấy túi quá thích luôn hợp đi chơi 
"
201,5,"b  năm sao  hàng đẹp rất hài lòng 
"
202,1,"một sao 1 năm trước toi rat hai long ve sp mjh mua tren lazada 
"
203,3,"sản phẩm đẹp nhưng kích thước nhỏ hơn lazada đã mô tả chất liệu tốt đường may đẹp nhưng giao cho mình nhầm màu mình đặt màu da bò nhạt nhưng nhận màu da bò đậm  
"
204,5,"tốt  hàng rat tot duong may chac chancam on larada 
"
205,5,"rất đẹp ah  
"
206,3,"dep  
"
207,4,"bốn sao  sản phẩm đẹp chất lượng tốt giá cả hợp lý 
"
208,5,"sản phẩm tốt  sản phẩm đẹp và chất lượng so với giá đó 
"
209,5,"năm sao  túi khá đẹp giống hình trên trang khá hài lòng 
"
210,4,"túi đẹp hài lòng với sản phẩm  ok 
"
211,5,"tốt  giao hàng nhanh hàng đúng mẩu 
"
212,5,"năm sao  
"
213,4,"bốn sao  da mem nhung tui hoi nhototdang mua 
"
214,4,"túi đeo chéo  đường may khá chắc chắn màu túi ok chỉ là gói hàng bằng một tờ giấy có nhiều ng ko để ý lấy dao rọc giấy mở xẹc cái là đi luôn cái túi nên gói cho cẩn thận bằng 2 ba lớp để tránh trường hợp trên 
"
215,5,"năm sao  túi đẹp chất lượng tốt tôi đã đặt mua tổng cộng 9 cái với giá 99k cái cảm ơn lzd 
"
216,5,"thích  quá bất ngờ về sản phẩm giá rất rẻ chất lượng lại miễn chê mình sẽ giới thiệu nhiều ng mua chế độ bảo hành cũng rất ok đặc biệt giao hàng cực nhanh 
"
217,4,"ghia nguyen túi da mềm đường may sắt sảo  
"
218,5,"túi của lata đã mua và đã sử dụng  túi y hìnhđường may đẹpthương hiệu lata tôi nghĩ mọi người nên sử dụng 
"
219,5,"túi full đẹp lun lại đc giảm giá tuyệt vời  túi đẹp cả trong lẫn ngoài 
"
220,3,"ba sao  mình thấy rất hài lòng 
"
221,4,"gio xách lata  hang nhu hình rat tot 
"
222,1,"ko nhưa quảng cáo có mỗi 1 ngăn có mỗi 1 ngăn làm quái gì có ngăn khoá như hình quảng cáo
"
223,5,"tốt  đã nhận hàng nhanh hơn kế hoạch hàng đẹp thích 
"
224,5,"túi đẹp  tốt m rất hài lòng 
"
225,5,"phương  ok  
"
226,5,"năm sao  dakieu deu rat dep va vua y nuarat vua y 
"
227,4,"bốn sao  sản phẩm ổn màu da giống hình chỉ may tốt bên trong vải nỉ nên bất ngờ chút 
"
228,5,"good  mình hài lòng về chất lượng vì không nghĩ giá như vậy mà được hàng tốt mỗi tội giao hàng chậm quá 
"
229,4,"hài lòng  giao hàng nhanh gói hàng cũng đẹp nữa về chiếc túi thì mẫu mã giống trong mô tả dây đeo chắc chắn nhưng có điều màu hơi nhạt hơn so với trong hình tý n hưng sản phẩm chất lượng rất ok 
"
230,5,"đẹp  chất liệu bên trong mềm mạirất ưng ý sp nàymình fải mua thêm 1 cái dùm chị hàng xóm đó 
"
231,3,"ba sao  túi đeo giống như hình đẹpnhưng hơi nhỏ 
"
232,3,"ba sao  gio dep gia ca vua tui tien cong nhan 
"
233,4,"bốn sao  sản phẩm như mô tả đường may cẩn thận hài lòng với sản phẩm 
"
234,5,"túi đeo chéo  hàng chất lượng bền đẹp 
"
235,5,"tuyệt vời  chất lượng ok 5 sao 
"
236,5,"năm sao  minh rat hai long ve san pham 
"
237,5,"chất lượng tốt giá rẻ  em này đẹp như hình đường may chắc chắn da mềm nên đeo rất thoải mái bên trong lót vải cũng mềm nch là rất ưng ý chắc phải mua thêm cái nữa 33 
"
238,4,"bốn sao  túi đẹp đúng như thông tin sản phẩm 
"
239,4,"bốn sao 1 năm trước đẹp giống hình lóp vải bên trong ok giá mềm 
"
240,5,"năm sao  đã nhận được sản phẩm vô cùng ưng ý 
"
241,1,"một sao  gia tot kieu depda depok 
"
242,2,"tạm được hơi nhỏ  lúc mua ko để ý kích cỡ mua về thì cảm giác túi nhỏ là nam đeo thì hơi dở nhìn trông ái ái thích hợp với nữ hơn 
"
243,5,"năm sao  sản phẩm này nhìn khá thời trang bắt mắt nhé mình mua cho em nó dùng rất tốt vì dùng lâu rồi mà còn như mới luôn hé 
"
244,4,"bốn sao  duoc gia tot chat luong 
"
245,5,"rất hài lòng  túi đẹp ngoài sự mong đợi của mình quá rẻ cho 1 sp chất lượng giao hàng nhanh ngoài dự kiến 
"
246,5,"ok tui dep vua y  
"
247,4,"bốn sao  good 
"
248,5,"năm sao  túi đúng hìnhda mềm đẹp thikkk 
"
249,5,"năm sao  san pham tuyet voi day duong may chac chan toi rat thich nen mua them 2 cai nua tang cho ban 
"
250,5,"sản phẩm như hình  sản phẩm đẹp đường may tỉ mẩn đáng tiền ui moa 
"
251,1,"nói chung thì với giá tiền này túi là phù hợp chứ cũng chẳng sale với không sale gì nhìn thì đẹp mà nhận thì chất lượng hơi chán dây đeo dài quá bây giờ làm thế nào để tháo ra đây
"
252,4,"túi quai chéo  cảm ơn lazada mình nhận được hàng sớm hơn nhiều so với dự kiến túi đẹp tuy nhiên màu đậm hơn so với ảnh 
"
253,4,"bốn sao  sản phẩm tốt đúng như hình 
"
254,4,"chiếc túi rất đẹp  chiếc túi rất đẹp thích hợp đi chơi đi học thêm vì nếu bỏ tập chỉ bỏ được 12 quyển nói chung đây là một sản phẩm khá tốt với giá cực kì phải chăng mong là sẽ mau chóng có thêm nhiều mẫu mới với chất lượng ngày càng tốt hơn cảm ơn lazada 
"
255,3,"ba sao  mình ưng ý với sản phẩm đã mua 
"
256,5,"rất hài lòng  mua bữa giá 69k da đẹp rất chắc chắn mình cực thích 
"
257,5,"năm sao  giao hàng nhanh hơn dự kiến sp đc đóng gói tốt chất lượng sp rất ok dây đeo khá chắc chắn giả rẻ nữa nên mua các bạn ạ 
"
258,4,"rất thích  mình rất vui về chiếc túi này mới mang con bạn thấy cũng muốn mua một chiếc giá thì cũng khá là hợp lý và hợp với túi tiền của mình đường may chắc chắn không bị lỗi 1 chút nào hết bên trong được may bằng vải nhung rất êm không lo bị thủng xước khi để vật nhọn sắc bén và có nhiều ngăn nhỏ 
"
259,4,"sản phẩm đẹp  
"
260,4,"tốt  túi dày dặn đường may chắc chắn và da đẹp hơn so suy nghĩ của mình nhưng màu đậm hơn trong hình 1 chút 
"
261,5,"hàng dùng ổn  chất liệu đẹp chú ý là hàng cho nữ nam dùng k hợp lắm 
"
262,5,"năm sao túi da bò nhìn chắc chắn đường may tinh xảo đeo lên nhìn rất đẹp đựng được khá nhiều đồ giao hàng nhanh chóng đúng lúc cần cảm ơn lazada nhé 
"
263,4,"bốn sao  sản phẩm đẹp như hình 
"
264,5,"tốt  tốt giao hàng nhanh hàng chất lượng tốt rất hài lòng về sp này 
"
265,5,"4 sao rưỡi  túi to hơn hình tí nhưng cũng ok ai thích đơn giản thì chọn vì chỉ có vài ngăn nổi bật thôi 
"
266,4,"tốt  hàng rất chắn chắn phù hợp vs giá tiền có điều còn đường kẻ may chưa xóa bằng viết nhủ mình ko xóa đc hên là ko rõ lắm 
"
267,4,"bốn sao  mình nhận được hàng các bạn gửi rồi hàng như ảnh dùng tốt xin cảm ơn 
"
268,5,"hàng rẻ mà chất lượng  giao hàng cực nhanh mình cx k ngờ luôn chất lượng quá ổn so với mức giá đường may nhìn khá chắc chắn tuy nhiên màu hơi đậm so với hình nhưng nhìn cx ok lắm sẽ ủng hộ hàng lata dài dài 
"
269,4,"ltúi da mềm đẹp  túi đẹp tuy nhiên hơi già dùng cho trung niên phù hợp 
"
270,3,"ba sao  bình thường 
"
271,4,"sản phẩm vừa ý dùng rất tiện lợi vừa túi tiền với công chức  sản phẩm vừa ý dùng rất tiện lợi vừa túi tiền với công chức 
"
272,4,"tốt  
"
273,5,"ok  hài lòng 
"
274,5,"đẹp chất lượng ok  túi mk nhận đk y như hình mk chọn giao hàng tiết kiệm nhưng lazada giao hàng sớm hơn dự kiến <3da chắc chắn đường may cũng đẹp nữa 
"
275,5,"rất hài lòng  hàng đẹp túi vừa phải đựng vừa ipad nói chung là rất thích cảm ơn anh giao hàng thân thiện ạ 
"
276,3,"ba sao  chất liệu đẹp tuy nhiên đường may hơi sâu nên lòng túi hơi nhỏnói chung là chất lượng và giá cả hợp lý 
"
277,3,"ba sao mình rất thích sản phẩm này mình thấy nó hợp với mình đơn giản nhưng vẫn sang trọngchất liệu da bò mềm mại giá cả lại rẻ hơn minh mua ngoài các cửa hàng và mặt khách giao hàng rất nhanh chóng nói chung cũng mới mua một và sản phẩm nhưng mình rất thích dịch vụ của lazada 
"
278,4,"bốn sao  
"
279,4,"hàng chất lượng  hàng đẹp giá rẽ nv giao hàng nhanh 
"
280,4,"bốn sao  cũng được 
"
281,5,"tôt  hài lòng với sản phẩm 
"
282,5,"rất tốt  tooii đã dùng balo của lata được 2 năm rồi mà vẫn chưa bị hư chất da và đường may đều tốt tôi đã đặt 2 chiếc túi này cho tôi và cho chị gái với giá khuyến mãi đặt hôm qua hôm nay đã nhận được rồi tôi thật sự rất hài lòng với sản phẩm của lata 
"
283,5,"giống với ảnh đáng mua  chất liệu ưng ý hài lòng với sản phẩm 
"
284,3,"ba sao oke
"
285,4,"bốn sao  
"
286,5,"năm sao  tốt 
"
287,5,"tui deo cheo  tui deo cheo thuong hieu lata 3 mau deu rat dep chat luong rat tot gia ca qua re so voi tat ca nhung gi that tot cua san pham 
"
288,4,"tốt  đep 
"
289,4,"bốn sao  sản phẩm tốt đẹp y hình nhưng gửi chậm so với thời hạn 5 ngày chờ mãi mà chả nhận được tưởng trôi luôn chơ đóng gói cẩn thận 
"
290,5,"năm sao  chất liệu okie 
"
291,5,"năm sao  túi đẹp mình rất thích nhưng bé mình đựng 1 cái ví đt mấy thỏi son và hũ kem dưỡng ẩm loại bé là full rồi 
"
292,5,"good  trên cả tuyệt vời 
"
293,4,"giá đẹp  mới mua là 115kgiờ là 99k hàng đẹp đómong chuyến hàng 99k với chất luợng k đổicần thời gian xem da có bị nổ nhanb kcpnf bây giờ thấy là ok 
"
294,5,"rất ok  rất hài lòng 
"
295,4,"ok  gia thanh okminh mua luc tui sale con 69kchat lieu day danhop voi tui tienchi tiec la minh chon da bo nhat thi lzd lai giao cho da bo dam 
"
296,4,"chat lieu tot mau ma dep va giao hang nhanh hon du kien  san pham chat luong tot mau ma dep toi rat hai long 
"
297,4,"bốn sao  chất lương và mẫu mã ổn sản phẩm giống hình phù hợp để đi chơi bạn có thể để vừa cả loại ví dài nên mua 
"
298,5,"sản phẩm rất tốt hợp giá tiền  đẹp 
"
299,4,"sản phẩm dep  đặt hàng nhanh 
"
300,5,"tui chat luong  hang chat luong lazada nen phat huy nhe 
"
301,4,"tui dep vua y  dep 
"
302,3,"tien nao cua do cung ok lam  cung tot 
"
303,5,"năm sao  túi da bò nhạt này đẹp hơn cái màu đậm đợt rồi mình mua đó mà sử dụng tốt nên mua thêm cho em mình một cái để dùng nói chung cũng được xài tốt 
"
304,4,"đẹp đẹp đúng như hình nhưng cái ví tặng theo nhìn khó diễn tả quá d 
"
305,5,"rất hài lòng  chất liệu da làm túi trong không được chuẩn cho lắm nhưng so với giá cả thì mềm rồi chiếc túi mình có thể mang đi làm cũng hợp lý màu sắc chiếc túi đẹp dây đeo khá cứng cáp 
"
306,5,"tuyệt vời  giá 100k mà đường chỉ chắc chắn da dày mình cực thích phần bên trong tuyệt sẽ tiếp tục mua của lata 
"
307,5,"năm sao  tốt 
"
308,4,"bốn sao  nhin ok gia lai re 
"
309,5,"năm sao  
"
310,5,"tuyệt  đã nhận được hàng nhìn chung rất thích 
"
311,5,"túi lât vn03  mình rất rất hài lòng về chiếc túi nàychất liệu da mềm và dễ thương nữa 
"
312,5,"5 sao  túi da mềm rẻ và đẹp tôi rất hài lòng sản phẩm này 
"
313,5,"tốt cực tốt  hàng đã nhận chiều nay và đặt thêm 11 cái mong là đẹp giốg y vậy 
"
314,5,"hàng đẹp chất lượng  
"
315,5,"tốt  túi đẹp 
"
316,4,"bốn sao  tốt 
"
317,4,"hàng như miêu tả chắc chắn giao hàng sớm  các nhận xét của mọi người về đường may chắc chắn chất liệu đẹp và lót trong mềm dày dặn đều đúng các khóa khớp nối dày chắc giao hàng miễn phí sớm một tuần so với dự kiến dây đeo chắc nhưng đoạn gậpđiều chỉnh chưa đẹp lắm so với túi nên cho 45 sao tổng thể hài lòng với giá hợp lý 85k free ship đợt khuyến mại 
"
318,5,"dùng được  rất ổn so với giá tiền 
"
319,3,"hàng cũng được nhưng hơi thất vọng do quá nhỏ ko đựng được nhiều đồ bên trong ko giống như mô tả
"
320,5,"rất hài lòng d 
"
321,5,"năm sao  hài lòng 
"
322,5,"túi có thiết kế đơn giản khá đẹp mắt da bò đẹp đeo nhìn rất năng động thoải mái đựng được khá nhiều đồ 
"
323,4,"tốt 1 năm trước ưu điểm chất lượng tốt hình ảnh giống như hình có bảo hành và địa chỉ công ty sản xuất chưa hài lòng thể tích của túi hơi nhỏ 
"
324,5,"rất tốt  tôi hài lòng 
"
325,5,"rất tốt  tuy nhiên đường chỉ mai chưa chính xác 
"
326,5,"lata  tốt 
"
327,5,"rất thích  hàng giống hình da mềm nhìn đẹp giao hàng siêu nhanh 
"
328,5,"tốt hơn mong đợi  khi đặt hàng mình chọn chế độ giao hàng tiết kiệm nên nghĩ cả tuần sau mới có mình ở bình dương ai dè 2 ngày sau có r nói chubg rất hài lòng chỉ là gói sản phẩm ko kỹ cho lắm dễ bị gãy da của mình nguyên ven ko gãy hàng đẹp da dày nói chung với giá 91k mình rất hài lòng 
"
329,5,"năm sao  túi đúng như mô tả da tốt 
"
330,4,"tốt  túi như hình tiếc là mua ko đúng dịp lazada giảm nhiều nhất 
"
331,5,"da mềm nói chung là cũng dk so vs giá thành  
"
332,5,"hài lòng về sản phẩm  
"
333,5,"sp rất đẹp so với chất lương thì giá tiền rất ok  đẹp rẻchất lg 
"
334,5," sp rất đẹp bên trong lớp lót nhung dày dặn  nên mua 
"
335,4,"bốn sao  
"
336,5,"tốt  màu đẹp hơn ảnhchất liệu mềm mại bền đường may chắc chắn form ko đứng lắm nói chung là ok 
"
337,4,"ok  sản phẩm đẹp giá cả hợp lí 
"
338,3,"ba sao  san pham dep gia re 
"
339,5,"good  chất vải dày lắm ak mọi ngk trên đây rẻ chứ chỗ khác 150k trở lên k ak 
"
340,5,"túi đẹp  
"
341,3,"khá là thích sản phẩm  chất liệu da làm túi trong không được chuẩn cho lắm nhưng so với giá cả thì mềm rồi chiếc túi mình có thể mang đi làm cũng hợp lý màu sắc chiếc túi đẹp dây đeo khá cứng cáp 
"
342,5,"tuyệt vời  hàng đóng gói rất cẩn thận mở ra thì ôi ưng ý cực kỳ luôn hàng giá rẻ mà chất lượng quá ok luôn sắm em túi này ban đầu mục đích để đi chùa cơ mà đi chơi cũng rất ok 
"
343,5,"năm sao  
"
344,3,"rất hài lòng  
"
345,5,"hàng tốt 5 sp đúng mô tả gía rẻ
"
346,5,"quá tốt  da mềm đẹp săn được giá hời 92k mà túi đẹp quá chừng cảm ơn lata lazada 
"
347,5,"ok  tot 
"
348,4,"giá rẻ mà đẹp  
"
349,4,"tui dep cung kha hai long  
"
350,5,"rất hài lòng  ủng hộ lata tuyệt đối 
"
351,5,"hài lòng  màu túi đậm hơn trong hình túi đẹp các đường may đều đẹp lớp lót túi đủ dày khóa trơn tru nhìn chung sản phẩm tốt mua lúc giá 99k đã thấy rẻ rồi mà h còn 81k 
"
352,3,"ba sao 1 năm trước ok 
"
353,5,"tốt  giao hàng rất nhanh và bạn shipper nói chuyện rất thân thiện sản phẩm thì mình thấy ok đợi dùng 1 thời gian xem thế nào rất ủng hộ 
"
354,3,"ba sao  sản phẩm giống hình sản phẩm tốt giá rẻ 
"
355,3,"tốt  túi đẹp hàng tốt giá tốt 
"
356,5,"good chất lượng sản phẩm với giá chấp nhận được rẻ hơn mua ngoài chợ giao hàng tốt 
"
357,4,"tốt  sp y hình chất lượng tốt 
"
358,5,"chất lượng tốt  giao hàng nhanh gói hàng cũng đẹp nữa về chiếc túi thì mẫu mã giống trong mô tả dây đeo chắc chắn nhưng có điều màu hơi nhạt hơn so với trong hình tý nhưng sản phẩm chất lượng rất ok 
"
359,3,"ba sao  sản phẩm giống trong hình tốt 
"
360,5,"năm sao  tuyệt 
"
361,3,"ba sao  chất lượng và giá cả hợp lý 
"
362,5,"túi da rất ok mình rất ưng ý  ngoài sự mong đợi rất ok 
"
363,3,"lata  tạm hài lòng 
"
364,5,"năm sao  sản phẩm rất tốt khi nhận được sản phẩm vô cùng vui mừng vì mua hàng nhanh chất lg tốt tiết kiệm được thời gian lựa choncảm ơn lazada 
"
365,4,"tốt màu đẹp  sản phẩm giống với hình da mềm khóa chắc chắn đường chỉ may đẹp 
"
366,5,"hài lòng  túi dày dặn đẹp giống hình mua được giá rẻ nữa 
"
367,3,"ok  hàng đẹp giao nhanh 
"
368,5,"túi mang chéo lata  hàng đạt yêu cầugiao hàng đúng hẹn 
"
369,5,"phù hợp với giá  sản phẩm hài lòng đường mai đẹp 
"
370,3,"ba sao 1 năm trước day đeo hoi nho và yếu ớt 
"
371,5,"năm sao  quần mềm mại mặc dễ chịu giá rẻ tuy nhiên cúc hơi khó hiểu 
"
372,5,"ok ok 
"
373,5,"ăm sao  túi có thiết kế đơn giản khá đẹp mắt da bò đẹp đeo nhìn rất năng động thoải mái đựng được khá nhiều đồ 
"
374,5,"rất đáng mua  chất liệu tốtđường may kĩ càngmáu sắc đẹp 
"
375,2,"tiền nào của nấy da xấu dễ rách và đã đứt quai sau 1 tháng sử dụng
"
376,5,"năm sao  giao hang nhanhda dept rat thich mua hang tai lazada 
"
377,3,"bề ngoài túi thì ok nhưng bên trong vải hơi xấu túi hơi cứng
"
378,4,"bốn sao  nhìn đẹpbên trong túi nhìn sang bền 
"
379,4,"good da tốt  
"
380,1,"ok  tôi hài lòng 
"
381,5,"năm sao  đẹp i như hình 
"
382,4,"hàng ok  mới đặt hàng 2 ngày đã có tại bình thuậnhàng rẻ mà rất ok 
"
383,4,"bốn sao  túi giống như hình đẹp rất thích 
"
384,4,"sản phẩm tốt  mình khá ưng ý với sản phẩmgiá cả phải chăng da mềm kích thước hợp lý màu sắc hơi tối hơn mình nghĩ nhưng dễ phối đồví tặng kèm cùng màu với túi nên thành 1 set đẹp đấyhi 
"
385,1,"túi mùi kinh lắm
"
386,5,"tốt  chất lượng tốt da đẹp hàng giao đúng mẫu mã 
"
387,4,"good  sản phẩm như hình đường may đẹp và chắc chắn 
"
388,5,"good  túi ok 
"
389,5,"năm sao  chất lượng rất tuyệt vời 
"
390,3,"ba sao  
"
391,5,"năm sao  
"
392,5,"sp tốt  gio sach dep hai long vua matduong may chac chan 
"
393,5,"good  good 
"
394,1,"wa xấu so với hình lại còn thiếu ví km nữa mất Khách 
"
395,5,"tuyệt vời  sản phẩm đẹp bắt mắt mới đặt trưa hôm qua hôm nay đã có mới nên chưa biết bền không nhưng cảm nhận đầu là thấy ổn đó 
"
396,1,"miêu tả đẹp hoành tráng lệ lắm khi nhận thì cảm thấy chỉ đc 1 sao
"
397,4,"bốn sao  tốt 
"
398,5,"1 nhận hàng sớm hơn mong đợi 2 hàng rất ok 3 nhân viên giao hàng rất nhiệt tình 4 cảm ơn hệ thống 
"
399,5,"năm sao tôi rất hài lòng về giá cả cũng như chất lượng hàng mà tôi đã mua 
"
400,2,"túi bằng chất liệu da quá mềm k biết do túi như vậy hay do khâu đóng gói vận chuyển mà lúc nhận đc hàng cái túi nhăn nhàu gãy hết cả túi
"
401,5,"năm sao  sản phẩm cực kì chất lượng cầm êm tay đường may tinh tế giao hàng nhanh 
"
402,5,"năm sao  túi đeo rất đẹp da cũng là hàng chất lượng đó mình dùng vài tháng rồi có bị dính mưa dính nước mà da vẫn không sao rất hài lòng nhé 
"
403,5,"tui xách  rất hài lòng cám ơn lzd 
"
404,3,"tam duoc  
"
405,4,"hải lòng về sản phẩm  hàng giao nhanh hơn dự kiến túi giao như hình màu đậm hơn da mềm đường may đẹp có điều ví tặng kèm không ưng ý lắm góp ý với lazada không nên tặng kèm ví như vậy thay vì tặng kèm ví lazada có thể bớt tiền trên sp để tăng uy tín hoặc giá trị sp hàng dùng bền hay không thì chưa thể đánh giá được nhưng sp được bảo hành trọn đời thì ok 
"
406,5,"tui dep hop gia tien  mau san pham dep da mem phia trong vai lot dep hop voi mau tui gia re so voi chat luong san pham nhan vien giao hang vui ve va nhiet tinh 
"
407,4,"hài lòng  giao hàng nhanh sản phẩm nhận được đúng với mẫu giá thành vậy là ok 
"
408,5,"san pham tot ung y mau dep gia ca hop ly toi rat hai long  haonguyen 
"
409,5,"hài lòng về sản phẩm giao hàng free nhưng khá nhanh sản phẩm nhận được đúng mô tả chất liệu đẹp giá thành rẻ hài lòng
"
410,3,"túi đeo chéo  khi nhấp chuột đặt mua túi với giá 125k lúc thanh toán mình nghĩ trong đầu túi rẻ vậy mua thử dùng tạm thôi chứ k hề nghĩ khi nhận được hàng lại cảm thấy ok đến như vậy các sản phẩm khác mình không biết như nào nhưng khi nhận đc túi đeo chéo này mình thấy hài lòng chất liệu ok chắc chắn và đeo rất hợp đến cả ông anh zai khó tính của mình còn nói là chất được đấy nói chung là quá hài lòng đi 
"
411,5,"san pham tui cheo  hang duoc dong goi rat ky luong giao hang cung nhanh nua ve san pham thi minh rat ung y 
"
412,5,"tốt  sp đẹp đúng như hình mình rất hài lòng 
"
413,5,"rất đẹp  rất là ưng ý ạ 
"
414,1,"túi xấu
"
415,5,"hài lòg  rẻ đẹp 
"
416,4,"được  minh moi nhan hang hom warat hai long ve gia ca va san pham 
"
417,4,"chi  mình thích túi này vì với giá tiền để mua được túi da mềm và màu sắc giống hình thì rất hài lòng mình cũng thích sự nhanh chóng của việc giao hàng lazada cám ơn 
"
418,4,"đẹp giao hàng nhanh  nhận đc sp nhanh hàng đẹp to hơn so với tưởng tượng da mềm đường may chắc màu da hơi nhạt so vs hình 
"
419,5,"năm sao  giao hang nhanh sp rất ung y bền trong rất đẹp đuong chi chac chan 
"
420,3,"rất tốt  túi giống y hình chất lượng cũng rất tốt mình rất hài lòng 
"
421,5,"túi đẹp rất hài lòng 
"
422,2,"mới nhận hàng xong giờ còn 70000 tiec wa
"
423,5,"năm sao  hài lòng sản phẩm 
"
424,3,"anh  ba sao  binh thuong 
"
425,5,"sản phẩm đẹp giống với mô tả  chất lượng tốt so với tầm giá này thank lazada làm quà tặng rất ý nghĩa 
"
426,5,"túi rẻ đẹp  túi đẹp chắc chắn dầy dặn kích thước vừa phải tiện dụng cho mình khi đi shopping 
"
427,4,"bốn sao  hài lòng về sp 
"
428,5,"good  good 
"
429,5,"sản phẩm đúng mô tảgiao hàng nhanhgiá tốt  sản phẩm rất đúng mong đợigiá tốtlazada cần có thêm nhiều mặt hàng như vậy 
"
430,3,"hi  duoc thoi chua như mong muốn 
"
431,5,"tuyệt vời  sản phẩm như mô tả hàng chất lượng hi vọng shop sẽ luôn phục vụ và đáp ứng tốt nhu cầu chất lượng của mỗi sản phẩm hàng giá phải chăng tôi rất hài lòng về sản phẩm 
"
432,5,"năm sao  sp rất đẹp 
"
433,5,"hai long ve sp va dich vu cua lazada  tui xach dep gia re giao hang nhanh cam on lazada 
"
434,5,"năm sao  hàng đẹprất hài lòng 
"
435,4,"dep  dep 
"
436,5,"hài lòng  sản phẩm đúng như hình mẫu da mềm kiểu dáng đẹp rất nên mua 
"
437,1,"túi mỏng dởm nên rẻ thích hợp cho mấy bạn nhỏ đựng bút viết
"
438,5,"tuyệt vời  mình và bạn mua 3 cái hàng đẹp đường chỉ đẹp da mềm giao đúng hẹn nói chung ok 
"
439,4,"rất hài lòng  giao hàng đúng hẹn mình hài lòng với dịch vụ túi đeo nhận được giống mẫu rất đẹp kiểu dáng độc đáo mình rất hài lòng với sản phẩm này 
"
440,5,"đẹp và rẻ  
"
441,3,"ba sao  ok 
"
442,4,"tốt da dày đẹp giống trong hình 
"
443,3,"ba sao  nhìn thấy ổn nhưng nữ sử dụng tiện lợi hơn 
"
444,1,"chất liệu ko giống ảnh chất liệu là vải da lộn nhìn ko đẹp chút nào
"
445,5,"đẹp giá ổn  rất tốt khi nhận sp vừa ý mong rằng time sử dụng lâu dài 
"
446,4,"ok  theo nx của mình bề ngoài ok lòng trong hơi hẹp không rông rãi như mình nghĩ còn về chất lượng lâu dài mới biết vì mình đã từng sử dụng túi lata một lần bị tróc keo tùm lum tặng ox mà nghe chê quê hết sức 
"
447,5,"tốt  da mềm túi đẹp mẫu ma giống hình 
"
448,3,"ba sao  phù hợp cho teen da tốt 
"
449,5,"hàng tốt  chất lượng cực kỳ tốt so vs giá tiền chất liệu đẹp đường may chắc chắn 
"
450,5,"đoàn chất lượng tốt  sp đúng hãnggía rẻ hơn rất nhiều so với cửa hàng nhưng vẫn được bảo hànhda đẹp 
"
451,5,"ok đẹp  
"
452,3,"tui dep  
"
453,5,"năm sao  tuyệt vời hơn cả mong đợi cám ơn shop 
"
454,5,"đẹp  túi da đẹp dày dặn mình rất thích 
"
455,4,"với giá đó thì sản phẩm ok  
"
456,4,"hài lòng  đẹp hài lòng với chiếc mẫu mã như mình đã xem trên hình rất giống bên trong có nhiều ngăn nhỏ đựng dụng cụ điện thoại chế độ bảo hành làm mình yên tâm giá chiếc túi cũng khá là hợp lý cảm ơn lazada 
"
457,1,"nhảm nhí  hàng giá rẻ ghi thông tin k nói chất gì với giá như vậy chỉ có chất pu dùng vài hôm hỏng mua cho phí tiền 
"
458,5,"ok lắm  giống như mô tả chất lượng tốt da rất tốt 
"
459,5,"tốt  san phẩm nhu hình 
"
460,5,"rất đẹp  sản phẩm giống hình da đẹp đường chỉ may chắc chắn bên trong lót lớp vải nhung rất đẹp nhận sản phẩm xong mình rất hài lòng và bạn bè đồng nghiệp đã nhờ mình mua đến 5 cái nữa mua cả 3 màu luôn sau khi mình mua sp này thì bạn mình đã tìm đến lazada để mua hàng rất nhiều 
"
461,5,"năm sao  sản phẩn tốt so với giá 
"
462,4,"bốn sao  mẫu mã hàng như hình giao hàng nhanh chóng chất da đẹp giá vừa túi tiền 
"
463,5,"năm sao  
"
464,5,"tốt tôi rất hài lòng  sản phẩm đẹpda tốt lazada phục vụ rất tận tìnhgiao hàng nhanhcảm ơn nhân viên giao hàng nhé rất nhiệt tình 
"
465,2,"hai sao  khi mua cái túi này đầu tiên cho chị hai mình thấy rất đẹp nên 1 năm sau mình đặt thêm 1 cái nữa nhưng cái thứ 2 mình nhận được kém xa cái đầu tiên mình mua da thì nhũn đường may thô không còn đẹp như trước kích thước cũng khác nhau cái túi mua sau lại trông cũ hơn cả cái túi trước mình rất thất vọng 
"
466,5,"hài lòng  kích thước vừa phải dây đeo chắc chắn vải lót dày và êm giá thì quá là hạt dẻnói chung là quá hài lòng cám ơn lazada 
"
467,4,"bốn sao  sp cũng đc nhưng nhìn thô quá hok kĩ và đẹp nhubg so với giá tiền thì sd đc 
"
468,1,"nhăn nhoe xấu không như ý hơi thất vọng xấu
"
469,5,"rất hài lòng  hình sao hàng vậy tks lazada nhiều 
"
470,4,"bốn sao  da rất mềm mình rất thích cái giỏ xách này cảm ơn lazada 
"
471,5,"năm sao  sản phẩm bên ngoài đẹp hơn trong hình 
"
472,5,"năm sao  tôi hài lòng 
"
473,2,"hai sao  tui nho so voi hinh tam duoc 
"
474,5,"túi lata  túi dày chỉ may chắc chắn giao hàng đúng ngày hài lòng với sản phẩm 
"
475,4,"giá tốt trước túi có chất lượng tốt so với đơn giá 99k tuy nhiên mùi da vẫn còn nồng đường may có mũi kim hơi dài
"
476,5,"năm sao  túi da bò nhạt này đẹp hơn cái màu đậm đợt rồi mình mua đó mà sử dụng tốt nên mua thêm cho em mình một cái để dùng nói chung cũng được xài tốt 
"
477,3,"túi nhìn trông thô nhỏ hơn tí nữa thì đẹp  
"
478,5,"hàng tốt  với giá này thì là quá tốttúi hoàn thiện cũng đẹpđường may chắc chắn 
"
479,5,"sp dep  sp dep duong chi may chac chan 
"
480,5,"rất rẻ  rất tốt 
"
481,5,"năm sao  túi đẹp giống hình mình thích cái ví quà tặng hơn cảm ơn lazada nhe 
"
482,5,"hang y hinh  ok 
"
483,5,"năm sao  tôi hài lòng 
"
484,5,"tot  tot 
"
485,5,"hàng ok  túi đẹp giao hàng nhanh nhân viên nhiệt tình mình sẽ tiếp tục ủng hộ 
"
486,5,"năm sao  túi này đeo gọn gàng mà tiện lợi lắm đựng được nhiều món đồ cần thiết hằng ngày để mang đi mà lấy ra bỏ vô đều rất là nhanh đã vậy còn được tặng ví cầm tay nữa cả 2 cái đều dùng rất là ok 
"
487,5,"túi đẹp da dầy dặn quá tốt so với giá  
"
488,5,"năm sao 1 năm trước rất hài lòng sp giốn hình giao hàng nhanh giá hợp lý rất ok 
"
489,5,"rẻ đẹp  da mềm mẫu mã như hình đường may ok giá rẻ 
"
490,5,"good  
"
491,3,"sp tạm dc 
"
492,5,"năm sao  rất đẹp 
"
493,3,"màu da xấu hơn trong hìnhchất da khá ổn  
"
494,5,"năm sao  sản phẩm giống hình chất liệu da và đường may ok tôi thật sự rất hài lòng với sản phẩm của lata 
"
495,5,"chat luong tot  
"
496,5,"năm sao  túi y hìnhda mềmhơp túi tiềngiao hàng nhanhủng hộ lazada 
"
497,5,"rẻ đẹp  mình mua đúng hôm giảm còn 99k nay nhận hàng rất là ưng luôn ý 
"
498,4,"sản phẩm tốt  sản phẩm tốt 
"
499,4,"đánh giá sản phẩm  nhìn chung thì lazada cũg nổi tiếng từ lâu r mình cảm thấy yên tâm khi mua hàg về phần sản phẩm thì ok hàg y hình chất lượng tốt mong rằg cty tiếp tục pt 
"
